year,month,rain_mm,Kinneret_Level_end_of_month,tmp_air_max,tmp_air_min,rain_day,sns_drt,Date,Kinneret_Level_end_of_last_month,Change_from_last_month,tmp_air_max_binned,tmp_air_min_binned
1966,6,0.0,-210.52,31.86661736635421,18.375908681961313,0,736.2,1966-06-01,-210.52,0.0,31-34,16-19
1966,8,0.0,-210.52,32.71630161742117,21.048118977796396,0,680.7096774193549,1966-08-01,-210.52,0.0,31-34,19-23
1966,9,147.25156525717273,-210.13,30.858891899418218,19.55088181038182,12,578.4,1966-09-01,-210.52,0.3900000000000148,28-31,19-23
1966,10,641.8206265328103,-210.32,29.395909580077664,16.99567668752728,14,540.6774193548387,1966-10-01,-210.13,-0.18999999999999773,28-31,16-19
1966,11,496.3659862559866,-210.52,27.574700854700854,15.742388663967613,14,472.8666666666667,1966-11-01,-210.32,-0.20000000000001705,23-28,12-16
1966,12,2564.536260309105,-210.3,18.77674622840158,10.443458908823935,23,296.19354838709677,1966-12-01,-210.52,0.21999999999999886,17-23,8-12
1967,1,1809.2645813831875,-209.83,15.823206993071171,6.712091038406829,28,343.38709677419354,1967-01-01,-210.3,0.46999999999999886,11-17,3-8
1967,2,1033.5589225639612,-209.2,15.424034325679063,6.516058445663709,24,416.0357142857143,1967-02-01,-209.83,0.6300000000000239,11-17,3-8
1967,3,1430.7041920399647,-208.87,17.455710549258935,7.389524159133666,20,384.51612903225805,1967-03-01,-209.2,0.3299999999999841,11-17,3-8
1967,4,129.22681584366094,-208.97,23.087790817132927,10.985050708603342,20,549.0333333333333,1967-04-01,-208.87,-0.09999999999999432,17-23,8-12
1967,5,273.1687870150217,-208.87,26.76936987624962,14.797774428686429,15,596.8709677419355,1967-05-01,-208.97,0.09999999999999432,23-28,12-16
1967,7,0.0,-209.04,31.904366462127363,20.55409719312945,0,714.5806451612904,1967-07-01,-208.87,-0.1699999999999875,31-34,19-23
1967,8,0.0,-209.26,32.727863370282726,21.081267650755315,0,683.7096774193549,1967-08-01,-209.04,-0.21999999999999886,31-34,19-23
1967,9,20.308866488257898,-209.45,30.84838888888889,19.293037192654843,8,583.8333333333334,1967-09-01,-209.26,-0.18999999999999773,28-31,16-19
1967,10,340.3331023069884,-209.54,28.87695077566045,17.0810827417279,20,506.03225806451616,1967-10-01,-209.45,-0.09000000000000341,28-31,16-19
1967,11,1236.960117509003,-209.53,22.690714285714286,12.1374708994709,25,407.6333333333333,1967-11-01,-209.54,0.009999999999990905,17-23,8-12
1967,12,1196.5982012908319,-209.61,18.505350086929035,9.964431111926865,27,309.48387096774195,1967-12-01,-209.53,-0.0800000000000125,17-23,8-12
1968,1,1827.5831846921133,-209.17,15.224895033282133,7.052916779615072,25,332.64516129032256,1968-01-01,-209.61,0.44000000000002615,11-17,3-8
1968,2,505.5852693463732,-209.2,17.494604462474648,6.876685018835119,16,446.48275862068965,1968-02-01,-209.17,-0.030000000000001137,11-17,3-8
1968,3,416.50384863761093,-209.02,19.276541068040125,8.440157224179995,22,407.7096774193548,1968-03-01,-209.2,0.1799999999999784,17-23,3-8
1968,4,366.4164917718745,-208.87,25.726458704693997,12.285929971988795,8,524.8333333333334,1968-04-01,-209.02,0.15000000000000568,23-28,12-16
1968,5,272.31007167670464,-208.86,30.141507019229973,16.76686381297387,14,650.0,1968-05-01,-208.87,0.009999999999990905,28-31,16-19
1968,6,2.0,-209.02,31.728187675070032,19.301736694677867,2,722.3333333333334,1968-06-01,-208.86,-0.1599999999999966,31-34,16-19
1968,7,0.0,-209.12,33.4949465500655,21.091739920828804,0,717.483870967742,1968-07-01,-209.02,-0.09999999999999432,31-34,19-23
1968,8,16.57142857142857,-209.51,32.61656802809573,20.772356762211086,2,684.4516129032259,1968-08-01,-209.12,-0.38999999999998636,31-34,19-23
1968,9,75.04191796696041,-209.73,31.36083964646465,19.133659579667647,7,593.2666666666667,1968-09-01,-209.51,-0.21999999999999886,31-34,16-19
1968,10,403.7602317436748,-209.83,27.768511730205283,16.321017800271182,16,525.6774193548387,1968-10-01,-209.73,-0.10000000000002274,23-28,12-16
1968,11,1156.2873916852857,-209.76,23.753816980286746,13.270027187194529,21,430.9,1968-11-01,-209.83,0.0700000000000216,23-28,12-16
1968,12,3056.8740370139362,-209.07,18.10623778103617,10.414201670404232,25,311.19354838709677,1968-12-01,-209.76,0.6899999999999977,17-23,8-12
1969,1,3633.933290818822,-208.2,14.701641653728938,8.001397454142948,27,225.5483870967742,1969-01-01,-209.07,0.8700000000000045,11-17,3-8
1969,2,335.0453854808971,-208.81,18.46720460911638,8.283436783804431,15,424.32142857142856,1969-02-01,-208.2,-0.6100000000000136,17-23,3-8
1969,3,1076.6096077179338,-208.8,20.948450024437935,10.945517019834138,19,322.4516129032258,1969-03-01,-208.81,0.009999999999990905,17-23,8-12
1969,4,265.44007337451876,-208.78,21.816776026392965,10.448875448028673,17,530.0,1969-04-01,-208.8,0.020000000000010232,17-23,8-12
1969,5,33.35359337832456,-208.84,28.76718993112333,15.952812187632958,10,598.741935483871,1969-05-01,-208.78,-0.060000000000002274,28-31,12-16
1969,6,0.0,-208.83,32.25603830645161,19.378365962180194,0,722.4,1969-06-01,-208.84,0.009999999999990905,31-34,16-19
1969,7,0.0,-209.0,31.129406882796893,19.295484878017728,0,721.1612903225806,1969-07-01,-208.83,-0.1699999999999875,28-31,16-19
1969,8,0.0,-209.17,32.10517492826286,19.97086173257024,0,675.3870967741935,1969-08-01,-209.0,-0.1699999999999875,31-34,19-23
1969,9,57.32037037037037,-209.3,32.34759990132416,20.188367668621698,6,576.3,1969-09-01,-209.17,-0.13000000000002387,31-34,19-23
1969,10,614.0360073850429,-209.39,27.940249463942234,17.061854405133538,20,461.7096774193548,1969-10-01,-209.3,-0.08999999999997499,23-28,16-19
1969,11,612.2165534062849,-209.42,24.052818100358426,12.176589287921322,10,499.0,1969-11-01,-209.39,-0.030000000000001137,23-28,12-16
1969,12,800.1001258383494,-209.38,19.46357842209819,9.629900277488725,19,355.80645161290323,1969-12-01,-209.42,0.03999999999999204,17-23,8-12
1970,1,1871.5943727303916,-209.08,17.151684995112415,8.445738025415446,26,304.35483870967744,1970-01-01,-209.38,0.29999999999998295,11-17,8-12
1970,2,575.7377040472288,-209.2,18.782443062452256,7.792412703717852,14,458.57142857142856,1970-02-01,-209.08,-0.11999999999997613,17-23,3-8
1970,3,1198.3075107849008,-208.88,21.664949902248292,10.505027118216503,16,422.51612903225805,1970-03-01,-209.2,0.3199999999999932,17-23,8-12
1970,4,332.8730331264219,-208.79,25.850601047237078,12.504341601498854,6,557.1,1970-04-01,-208.88,0.09000000000000341,23-28,12-16
1970,5,64.73230861965038,-208.89,28.234652262664596,14.122413614012439,6,657.5806451612904,1970-05-01,-208.79,-0.09999999999999432,23-28,12-16
1970,6,0.0,-209.07,30.394689171122995,17.54741105912062,0,708.0333333333333,1970-06-01,-208.89,-0.18000000000000682,28-31,16-19
1970,7,0.0,-209.25,31.235805801248706,19.752675598335067,0,704.1290322580645,1970-07-01,-209.07,-0.18000000000000682,31-34,19-23
1970,8,22.505806451612905,-209.63,32.117496373726865,20.437402248289345,2,683.0322580645161,1970-08-01,-209.25,-0.37999999999999545,31-34,19-23
1970,9,48.182444983683375,-209.92,31.0023826500297,18.97111705288176,6,582.2,1970-09-01,-209.63,-0.28999999999999204,28-31,16-19
1970,10,274.8967686634791,-210.14,27.693755779591257,14.587470633226202,14,536.8064516129032,1970-10-01,-209.92,-0.21999999999999886,23-28,12-16
1970,11,736.9369273675674,-210.32,23.83427398989899,13.0661773989899,23,457.6,1970-11-01,-210.14,-0.18000000000000682,23-28,12-16
1970,12,1021.7668000790918,-210.35,16.70006415469414,7.089994285837501,20,391.38709677419354,1970-12-01,-210.32,-0.030000000000001137,11-17,3-8
1971,1,1235.2425694993776,-210.31,19.006999061898906,9.25119741903951,17,355.38709677419354,1971-01-01,-210.35,0.03999999999999204,17-23,8-12
1971,2,2091.902455968091,-209.69,16.63682937526184,7.409778225806454,25,342.17857142857144,1971-02-01,-210.31,0.6200000000000045,11-17,3-8
1971,3,512.7226527525492,-209.32,20.507864854318417,8.94198577870274,19,440.03225806451616,1971-03-01,-209.69,0.37000000000000455,17-23,8-12
1971,4,1644.555930411238,-208.79,21.200430107526877,10.327106167346436,17,481.6333333333333,1971-04-01,-209.32,0.5300000000000011,17-23,8-12
1971,5,4.892222222222222,-208.8,28.734234481915934,15.188165933528838,4,663.6451612903226,1971-05-01,-208.79,-0.010000000000019327,28-31,12-16
1971,6,31.89967105263158,-208.89,30.64377376708259,17.93145350564468,4,706.4333333333333,1971-06-01,-208.8,-0.08999999999997499,28-31,16-19
1971,7,0.0,-209.1,30.767040330463853,19.61903714565005,0,712.6774193548387,1971-07-01,-208.89,-0.21000000000000796,28-31,19-23
1971,8,63.04886363636364,-209.41,32.20990898842745,20.485720741494024,4,691.1612903225806,1971-08-01,-209.1,-0.3100000000000023,31-34,19-23
1971,9,3.0,-209.62,31.17316196236559,19.50013664874552,1,572.4,1971-09-01,-209.41,-0.21000000000000796,31-34,19-23
1971,10,176.3154207720384,-209.92,27.565929273266597,14.622076423881115,14,532.8387096774194,1971-10-01,-209.62,-0.29999999999998295,23-28,12-16
1971,11,687.7659197757166,-209.97,22.288533826164873,11.719122983870971,19,393.2,1971-11-01,-209.92,-0.05000000000001137,17-23,8-12
1971,12,1903.1439733408113,-209.89,15.370263255469043,7.378784010452529,27,256.93548387096774,1971-12-01,-209.97,0.0800000000000125,11-17,3-8
1972,1,1165.6761078189784,-209.58,15.598033298647241,6.2045946597089445,20,379.06451612903226,1972-01-01,-209.89,0.30999999999997385,11-17,3-8
1972,2,1290.645042276734,-209.24,15.954178717093065,6.05423433444568,17,443.7931034482759,1972-02-01,-209.58,0.3400000000000034,11-17,3-8
1972,3,992.0103821085822,-209.03,19.34693707293819,8.816697123788336,22,393.6774193548387,1972-03-01,-209.24,0.21000000000000796,17-23,8-12
1972,4,448.69399275764613,-208.92,25.903111111111112,13.145660098522164,14,479.9,1972-04-01,-209.03,0.11000000000001364,23-28,12-16
1972,5,93.6422847593321,-208.99,26.65005085015096,14.34900021187563,14,589.9354838709677,1972-05-01,-208.92,-0.0700000000000216,23-28,12-16
1972,6,100.42992424242425,-209.21,29.97448166392994,17.860410509031208,7,686.5,1972-06-01,-208.99,-0.21999999999999886,28-31,16-19
1972,7,4.611111111111111,-209.59,30.699500768049155,19.695728465083306,2,700.3548387096774,1972-07-01,-209.21,-0.37999999999999545,28-31,19-23
1972,8,0.0,-209.9,32.43057762593357,20.166069442237404,0,684.8709677419355,1972-08-01,-209.59,-0.3100000000000023,31-34,19-23
1972,9,10.75590062111801,-210.16,32.279634646962236,19.491776895943566,5,607.3,1972-09-01,-209.9,-0.2599999999999909,31-34,19-23
1972,10,169.1608052998902,-210.47,29.542458816674618,17.031769426346735,13,488.2258064516129,1972-10-01,-210.16,-0.3100000000000023,28-31,16-19
1972,11,684.1048875773693,-210.64,22.9909934318555,11.645418719211825,14,417.7,1972-11-01,-210.47,-0.1699999999999875,17-23,8-12
1972,12,891.2908796299474,-210.77,16.713622697493665,5.231065618968843,14,386.9032258064516,1972-12-01,-210.64,-0.13000000000002387,11-17,3-8
1973,1,1453.593518997803,-210.68,16.445101553166072,5.666251053605891,18,402.0967741935484,1973-01-01,-210.77,0.09000000000000341,11-17,3-8
1973,2,263.6223882582339,-210.59,20.07208831808586,8.091446262413012,15,441.10714285714283,1973-02-01,-210.68,0.09000000000000341,17-23,3-8
1973,3,917.726712395103,-210.22,19.938324328619107,8.453135612173432,16,495.38709677419354,1973-03-01,-210.59,0.37000000000000455,17-23,8-12
1973,4,215.9720533614709,-210.14,23.458802740469416,10.991014109347441,14,554.9,1973-04-01,-210.22,0.0800000000000125,23-28,8-12
1973,5,140.60459229390682,-210.15,28.01693548387097,14.20992063492063,8,653.516129032258,1973-05-01,-210.14,-0.010000000000019327,23-28,12-16
1973,6,13.058823529411764,-210.33,30.024431216931223,17.103928571428572,1,732.2,1973-06-01,-210.15,-0.18000000000000682,28-31,16-19
1973,7,0.0,-210.7,32.70569800569801,20.07861409796894,0,720.5806451612904,1973-07-01,-210.33,-0.3699999999999761,31-34,19-23
1973,8,0.0,-211.01,32.09380112122047,20.442674937965265,0,677.9032258064516,1973-08-01,-210.7,-0.3100000000000023,31-34,19-23
1973,9,6.611940298507463,-211.28,32.0161684303351,19.61064373897708,1,612.4,1973-09-01,-211.01,-0.27000000000001023,31-34,19-23
1973,10,235.23647186147187,-211.49,29.864550054485544,16.69889716018748,7,553.5483870967741,1973-10-01,-211.28,-0.21000000000000796,28-31,16-19
1973,11,1327.7891510468585,-211.58,21.058809523809526,10.651940035273368,20,425.5,1973-11-01,-211.49,-0.09000000000000341,17-23,8-12
1973,12,525.4966819864399,-211.6,18.191019386620056,8.406134593993325,17,387.6774193548387,1973-12-01,-211.58,-0.01999999999998181,17-23,3-8
1974,1,3151.9929464703723,-210.97,13.554838709677425,6.117532855436081,25,280.16129032258067,1974-01-01,-211.6,0.6299999999999955,11-17,3-8
1974,2,870.5638867002565,-210.62,17.414707952146372,7.4030973883806395,15,470.35714285714283,1974-02-01,-210.97,0.3499999999999943,11-17,3-8
1974,3,666.7288629290716,-209.87,20.387005402828546,10.185527570316223,19,386.80645161290323,1974-03-01,-210.62,0.75,17-23,8-12
1974,4,511.9083029519029,-209.47,22.881825396825395,11.312552910052913,11,465.4,1974-04-01,-209.87,0.4000000000000057,17-23,8-12
1974,5,12.842857142857143,-209.49,27.429974267071042,13.579569892473119,3,644.516129032258,1974-05-01,-209.47,-0.020000000000010232,23-28,12-16
1974,6,2.416666666666667,-209.68,30.505133795536096,17.70759958645016,2,699.8,1974-06-01,-209.49,-0.18999999999999773,28-31,16-19
1974,7,0.0,-209.94,32.52800889877641,20.00962180200223,0,745.1612903225806,1974-07-01,-209.68,-0.2599999999999909,31-34,19-23
1974,8,22.258064516129032,-210.26,31.91995577096245,20.399118862227873,1,704.3225806451613,1974-08-01,-209.94,-0.3199999999999932,31-34,19-23
1974,9,8.430555555555555,-210.56,31.092025089605734,18.420473736250155,3,635.4,1974-09-01,-210.26,-0.30000000000001137,28-31,16-19
1974,10,19.169683257918553,-210.87,30.354092907463315,17.31296499343774,3,531.6774193548387,1974-10-01,-210.56,-0.3100000000000023,28-31,16-19
1974,11,786.384418931737,-211.05,23.64453920250896,12.940694892473116,22,461.4,1974-11-01,-210.87,-0.18000000000000682,23-28,12-16
1974,12,2219.2023093069397,-210.96,16.82964775676678,8.230359658880237,27,315.19354838709677,1974-12-01,-211.05,0.09000000000000341,11-17,3-8
1975,2,1790.3032850218021,-210.54,16.264278513824888,7.351838037634409,23,421.5,1975-02-01,-210.96,0.4200000000000159,11-17,3-8
1975,3,530.7084231106638,-210.09,21.32630723204995,8.7470612209504,10,538.258064516129,1975-03-01,-210.54,0.44999999999998863,17-23,8-12
1975,4,122.47271656602065,-210.06,26.644635080645163,13.521725134408607,14,563.2,1975-04-01,-210.09,0.030000000000001137,23-28,12-16
1975,5,82.91224489795917,-210.14,26.97413306451613,14.351654526534862,7,686.7096774193549,1975-05-01,-210.06,-0.07999999999998408,23-28,12-16
1975,6,30.555555555555557,-210.45,29.931266692930418,18.043885474601414,2,706.6,1975-06-01,-210.14,-0.3100000000000023,28-31,16-19
1975,7,0.0,-210.78,31.899244276795002,20.146893068164154,0,714.0,1975-07-01,-210.45,-0.3300000000000125,31-34,19-23
1975,8,9.0,-211.19,30.900227358848046,20.28558922023883,2,676.8387096774194,1975-08-01,-210.78,-0.4099999999999966,28-31,19-23
1975,9,93.05253947930004,-211.44,30.726456274167063,19.215479695252217,6,620.4,1975-09-01,-211.19,-0.25,28-31,16-19
1975,10,177.75854696610077,-211.64,28.211877115552532,15.335311636585452,11,579.6774193548387,1975-10-01,-211.44,-0.19999999999998863,23-28,12-16
1975,11,828.1979302781781,-211.65,22.434339381720438,12.175561155913975,21,442.4,1975-11-01,-211.64,-0.010000000000019327,17-23,12-16
1975,12,1687.8326615215622,-211.53,16.20796370967742,8.149307795698924,21,334.4516129032258,1975-12-01,-211.65,0.12000000000000455,11-17,3-8
1976,1,949.3688800643143,-211.3,15.880403836754642,7.234304740957968,23,336.5806451612903,1976-01-01,-211.53,0.22999999999998977,11-17,3-8
1976,2,1247.34507038805,-210.8,15.052192882664237,6.582678986752959,23,336.2068965517241,1976-02-01,-211.3,0.5,11-17,3-8
1976,3,939.7018878965503,-210.22,19.26926686217008,8.472073558162268,22,413.4193548387097,1976-03-01,-210.8,0.5800000000000125,17-23,8-12
1976,4,579.1456157677181,-209.86,22.871658866894755,11.754708103701084,17,516.5,1976-04-01,-210.22,0.3599999999999852,17-23,8-12
1976,5,116.33222253455551,-209.82,27.540325832466184,15.01124479708637,15,602.3225806451613,1976-05-01,-209.86,0.040000000000020464,23-28,12-16
1976,6,2.2444444444444445,-209.99,29.500039426523298,17.245456317204304,2,691.1,1976-06-01,-209.82,-0.17000000000001592,28-31,16-19
1976,7,0.0,-210.38,30.527075312174812,19.369358254990615,0,694.3548387096774,1976-07-01,-209.99,-0.38999999999998636,28-31,16-19
1976,8,0.0,-210.74,31.165421931300692,19.933444726492556,0,657.6774193548387,1976-08-01,-210.38,-0.36000000000001364,31-34,19-23
1976,9,22.593587376196073,-210.95,30.02416121086922,18.212935854653317,5,599.2,1976-09-01,-210.74,-0.20999999999997954,28-31,16-19
1976,10,542.2177818739218,-211.15,28.697298585730177,16.892495630065152,23,488.51612903225805,1976-10-01,-210.95,-0.20000000000001705,23-28,16-19
1976,11,1742.781462414072,-211.09,24.522774621212122,13.241501303356143,11,422.3,1976-11-01,-211.15,0.060000000000002274,23-28,12-16
1976,12,1074.4113361958707,-210.88,18.57298602725548,9.577895894428153,21,354.48387096774195,1976-12-01,-211.09,0.21000000000000796,17-23,8-12
1977,1,1383.6552367818704,-210.54,14.929363943808534,6.339932362122789,24,328.35483870967744,1977-01-01,-210.88,0.3400000000000034,11-17,3-8
1977,2,569.8790472183647,-210.1,19.628033486121726,9.032865418894831,14,447.2142857142857,1977-02-01,-210.54,0.4399999999999977,17-23,8-12
1977,3,1312.6829235704483,-209.72,18.82568120723363,8.684035923753664,21,491.4193548387097,1977-03-01,-210.1,0.37999999999999545,17-23,8-12
1977,4,971.2416768508929,-209.44,22.89677540106952,11.109322566269906,14,494.0,1977-04-01,-209.72,0.28000000000000114,17-23,8-12
1977,5,45.1869366971826,-209.37,27.92644389133953,14.77427125688985,8,598.258064516129,1977-05-01,-209.44,0.06999999999999318,23-28,12-16
1977,6,94.43673469387755,-209.53,30.591789772727264,17.99020517676768,5,714.8,1977-06-01,-209.37,-0.1599999999999966,28-31,16-19
1977,7,0.0,-209.86,32.05601192728535,20.46218948065462,0,725.4193548387096,1977-07-01,-209.53,-0.3300000000000125,31-34,19-23
1977,8,0.0,-210.14,32.90015864944975,20.675294969728505,0,691.9354838709677,1977-08-01,-209.86,-0.2799999999999727,31-34,19-23
1977,9,30.174162813507078,-210.42,30.519013255469044,19.00739583333333,4,621.8,1977-09-01,-210.14,-0.28000000000000114,28-31,16-19
1977,10,744.1304682569059,-210.54,26.308521505376344,15.03665322580645,13,475.06451612903226,1977-10-01,-210.42,-0.12000000000000455,23-28,12-16
1977,11,155.46514669331103,-210.65,24.098289650537637,11.764647849462365,11,457.7,1977-11-01,-210.54,-0.11000000000001364,23-28,8-12
1977,12,2638.304447882371,-210.17,16.296258806080832,8.079773293076963,28,317.03225806451616,1977-12-01,-210.65,0.4800000000000182,11-17,3-8
1978,1,1526.2621667266521,-209.62,15.902281891495598,7.128668743890517,27,365.03225806451616,1978-01-01,-210.17,0.549999999999983,11-17,3-8
1978,2,633.2658684543082,-209.27,18.91494252873563,8.163582287197414,20,427.60714285714283,1978-02-01,-209.62,0.3499999999999943,17-23,3-8
1978,3,973.3658776710989,-208.99,20.12836812144212,9.179745270542236,19,443.3225806451613,1978-03-01,-209.27,0.28000000000000114,17-23,8-12
1978,4,161.37620804241766,-208.9,23.92815340909091,10.917878787878786,11,560.4,1978-04-01,-208.99,0.09000000000000341,23-28,8-12
1978,5,14.167582417582416,-208.89,29.774721299810242,15.06902654390202,2,694.258064516129,1978-05-01,-208.9,0.010000000000019327,28-31,12-16
1978,6,12.075,-209.15,30.04943497474748,17.21270833333333,3,739.1,1978-06-01,-208.89,-0.2600000000000193,28-31,16-19
1978,7,0.0,-209.5,33.279802052785925,20.993756109481915,0,729.5806451612904,1978-07-01,-209.15,-0.3499999999999943,31-34,19-23
1978,8,0.0,-209.84,30.78500948766604,19.214326375711575,0,707.516129032258,1978-08-01,-209.5,-0.3400000000000034,28-31,16-19
1978,9,4.562857142857143,-210.12,29.885514520202022,18.218544823232325,5,586.9,1978-09-01,-209.84,-0.28000000000000114,28-31,16-19
1978,10,368.25733076783365,-210.09,28.54694654006243,16.523865114464098,13,480.0967741935484,1978-10-01,-210.12,0.030000000000001137,23-28,16-19
1978,11,459.8585002306912,-210.07,21.099727822580636,10.092083333333333,18,440.0,1978-11-01,-210.09,0.020000000000010232,17-23,8-12
1978,12,1466.5104244264037,-210.01,17.364346501063768,9.586337760910817,24,304.35483870967744,1978-12-01,-210.07,0.060000000000002274,11-17,8-12
1979,1,861.3752570948765,-209.97,16.67314202771734,7.801965676536437,22,316.83870967741933,1979-01-01,-210.01,0.03999999999999204,11-17,3-8
1979,2,435.628307931235,-209.92,18.970532470563985,8.754920589447897,17,448.35714285714283,1979-02-01,-209.97,0.05000000000001137,17-23,8-12
1979,3,707.7012783514431,-209.88,20.910501490918953,9.726123610734614,22,467.2258064516129,1979-03-01,-209.92,0.03999999999999204,17-23,8-12
1979,4,197.49074550200072,-209.93,25.488565062388595,12.843731617647057,13,526.4,1979-04-01,-209.88,-0.05000000000001137,23-28,12-16
1979,5,72.50776016436394,-210.19,26.70250704387327,14.49094934161348,11,636.2903225806451,1979-05-01,-209.93,-0.2599999999999909,23-28,12-16
1979,6,25.76839826839827,-210.51,31.23432542335116,18.784686942958995,4,732.8,1979-06-01,-210.19,-0.3199999999999932,31-34,16-19
1979,7,0.0,-210.82,31.402371916508535,20.232433442585247,0,729.2903225806451,1979-07-01,-210.51,-0.3100000000000023,31-34,19-23
1979,8,26.452380952380956,-211.33,31.69322350641136,19.94362313840492,3,702.8709677419355,1979-08-01,-210.82,-0.5100000000000193,31-34,19-23
1979,9,2.5,-211.52,30.975308972073684,19.462549019607835,2,587.4,1979-09-01,-211.33,-0.18999999999999773,28-31,19-23
1979,10,657.065445988518,-211.66,28.197886838019667,16.68596112931976,18,532.6451612903226,1979-10-01,-211.52,-0.13999999999998636,23-28,16-19
1979,11,945.8642214058984,-211.68,24.949090909090906,14.687168560606061,17,403.2,1979-11-01,-211.66,-0.020000000000010232,23-28,12-16
1979,12,2573.7016599632916,-211.31,15.991429475015813,8.35095793082629,23,308.51612903225805,1979-12-01,-211.68,0.37000000000000455,11-17,3-8
1980,1,1503.967094330978,-210.71,14.279023632913571,6.245103789316313,24,347.80645161290323,1980-01-01,-211.31,0.5999999999999943,11-17,3-8
1980,2,1674.869619287315,-210.11,15.402692236769315,7.33622226319995,25,298.44827586206895,1980-02-01,-210.71,0.5999999999999943,11-17,3-8
1980,3,914.2756623326499,-209.01,19.133508891093097,8.734848484848486,19,410.61290322580646,1980-03-01,-210.11,1.1000000000000227,17-23,8-12
1980,4,524.791423080979,-208.83,23.672307653144347,11.782743238840014,13,541.2,1980-04-01,-209.01,0.1799999999999784,23-28,8-12
1980,5,32.52431521281079,-208.88,29.082407746823076,14.652003910068425,6,619.5483870967741,1980-05-01,-208.83,-0.04999999999998295,28-31,12-16
1980,6,0.0,-209.06,30.553728461081402,17.68525549613785,0,737.5,1980-06-01,-208.88,-0.18000000000000682,28-31,16-19
1980,7,0.0,-209.37,31.33188538611926,20.425609765711222,0,726.6774193548387,1980-07-01,-209.06,-0.3100000000000023,31-34,19-23
1980,8,0.0,-209.74,31.71834200485606,20.697294484911556,0,689.1290322580645,1980-08-01,-209.37,-0.37000000000000455,31-34,19-23
1980,9,12.109117316341829,-209.97,29.859820788530467,18.249526881720435,4,612.3,1980-09-01,-209.74,-0.22999999999998977,28-31,16-19
1980,10,365.33148585950124,-210.17,28.17998612556365,16.19844606312869,11,515.516129032258,1980-10-01,-209.97,-0.19999999999998863,23-28,12-16
1980,11,182.89236546374042,-210.25,24.28369837487781,13.2972525659824,13,479.6,1980-11-01,-210.17,-0.0800000000000125,23-28,12-16
1980,12,1766.6530934764712,-210.26,18.008047292690804,9.516360318428566,22,287.2258064516129,1980-12-01,-210.25,-0.009999999999990905,17-23,8-12
1981,1,2876.544366426994,-209.41,14.846612006171732,6.662017320832671,29,316.741935483871,1981-01-01,-210.26,0.8499999999999943,11-17,3-8
1981,2,1200.8306792079459,-209.15,16.15564132104455,7.720422824302133,26,343.17857142857144,1981-02-01,-209.41,0.2599999999999909,11-17,3-8
1981,3,711.1438588002642,-208.89,20.67281720430108,10.006482511432454,17,454.4,1981-03-01,-209.15,0.2600000000000193,17-23,8-12
1981,4,450.3592944432693,-208.82,23.794620963327862,11.777426108374385,19,516.6,1981-04-01,-208.89,0.06999999999999318,23-28,8-12
1981,5,36.075736310473154,-208.87,26.421917273673255,13.419766952826919,7,614.741935483871,1981-05-01,-208.82,-0.05000000000001137,23-28,12-16
1981,6,49.94068965517241,-209.04,30.28215053763442,17.873601285378815,3,710.9333333333333,1981-06-01,-208.87,-0.1699999999999875,28-31,16-19
1981,7,121.0,-209.39,31.759080818591748,20.417363857093306,1,693.3225806451613,1981-07-01,-209.04,-0.3499999999999943,31-34,19-23
1981,8,0.0,-209.69,32.04516475893167,20.587408949011444,0,680.516129032258,1981-08-01,-209.39,-0.30000000000001137,31-34,19-23
1981,9,12.294117647058824,-209.91,31.805571236559135,19.45860887096774,1,607.7666666666667,1981-09-01,-209.69,-0.21999999999999886,31-34,19-23
1981,10,143.11348022462573,-210.08,29.57958687669693,16.808319997129427,10,556.516129032258,1981-10-01,-209.91,-0.17000000000001592,28-31,16-19
1981,11,1194.9468144233022,-210.23,20.813935483870967,10.73098566308244,23,427.7,1981-11-01,-210.08,-0.14999999999997726,17-23,8-12
1981,12,350.01412977771815,-210.24,19.31688670655567,9.611713059313216,19,348.5483870967742,1981-12-01,-210.23,-0.010000000000019327,17-23,8-12
1982,1,766.4525666364539,-210.29,17.075530913978493,7.326759235171696,22,377.61290322580646,1982-01-01,-210.24,-0.04999999999998295,11-17,3-8
1982,2,1376.6827092804351,-209.87,15.441635944700456,6.25609817786959,25,312.85714285714283,1982-02-01,-210.29,0.4199999999999875,11-17,3-8
1982,3,1039.7792813930726,-209.61,18.272430213464695,7.12293492171708,22,459.48387096774195,1982-03-01,-209.87,0.2599999999999909,17-23,3-8
1982,4,216.14403220589344,-209.62,25.366126436781606,12.731245210727968,17,442.53333333333336,1982-04-01,-209.61,-0.009999999999990905,23-28,12-16
1982,5,189.60323679672203,-209.69,26.97684727355365,14.435612209503986,11,571.0967741935484,1982-05-01,-209.62,-0.06999999999999318,23-28,12-16
1982,6,7.706766917293233,-209.98,30.418616584564866,16.931578544061303,2,733.15,1982-06-01,-209.69,-0.28999999999999204,28-31,16-19
1982,7,0.0,-210.48,31.167362472117755,19.47031990277263,0,706.6935483870968,1982-07-01,-209.98,-0.5,31-34,19-23
1982,8,0.0,-210.88,31.800893585465328,20.21855562333298,0,674.1451612903226,1982-08-01,-210.48,-0.4000000000000057,31-34,19-23
1982,9,53.44981009224092,-211.19,30.778690636200725,18.63560663082437,3,582.7833333333333,1982-09-01,-210.88,-0.3100000000000023,28-31,16-19
1982,10,198.11446502266466,-211.47,28.431736927359122,16.029822263686054,13,491.9032258064516,1982-10-01,-211.19,-0.28000000000000114,23-28,12-16
1982,11,1214.6766583973322,-211.56,19.519820788530467,9.588855642071438,17,354.45,1982-11-01,-211.47,-0.09000000000000341,17-23,8-12
1982,12,1538.7325227329811,-211.57,15.606378772112382,6.845775481888905,19,280.66129032258067,1982-12-01,-211.56,-0.009999999999990905,11-17,3-8
1983,1,1743.0321752043994,-211.15,12.570506912442399,4.778976640711901,23,258.48387096774195,1983-01-01,-211.57,0.4199999999999875,11-17,3-8
1983,2,1761.5483821753037,-210.54,14.523283518388201,5.935073761305289,23,261.4642857142857,1983-02-01,-211.15,0.6100000000000136,11-17,3-8
1983,3,1233.9584254159674,-209.56,17.62794681423713,7.615879449105253,21,364.80645161290323,1983-03-01,-210.54,0.9799999999999898,11-17,3-8
1983,4,272.2393838342327,-209.21,22.007631958379786,10.811968487551095,17,460.98333333333335,1983-04-01,-209.56,0.3499999999999943,17-23,8-12
1983,5,141.66156844534504,-209.18,26.589456391875743,14.111283101605679,8,542.6612903225806,1983-05-01,-209.21,0.030000000000001137,23-28,12-16
1983,6,73.95359477124182,-209.35,29.54498236331569,16.981477072310405,4,682.5833333333334,1983-06-01,-209.18,-0.1699999999999875,28-31,16-19
1983,7,2.25,-209.74,31.074308755760374,19.432364409783766,1,676.9677419354839,1983-07-01,-209.35,-0.3900000000000148,28-31,16-19
1983,8,0.0,-210.09,31.40710313046242,19.67116637533767,0,655.3548387096774,1983-08-01,-209.74,-0.3499999999999943,31-34,19-23
1983,9,50.42948717948719,-210.39,30.149993216659883,18.428480870980867,4,600.2800000000001,1983-09-01,-210.09,-0.29999999999998295,28-31,16-19
1983,10,77.80208664311496,-210.57,26.969278033794165,14.715151903055128,11,535.1322580645161,1983-10-01,-210.39,-0.18000000000000682,23-28,12-16
1983,11,1154.6672373041702,-210.5,23.454880952380954,12.900897435897438,17,399.1800000000001,1983-11-01,-210.57,0.06999999999999318,23-28,12-16
1983,12,542.4785258423623,-210.55,18.74456803856136,8.604935525069004,19,354.5903225806451,1983-12-01,-210.5,-0.05000000000001137,17-23,8-12
1984,1,1317.3348710214786,-210.44,15.886451612903224,7.209677419354837,22,327.6774193548387,1984-01-01,-210.55,0.11000000000001364,11-17,3-8
1984,2,494.7832429034365,-210.16,18.634022988505752,7.034942528735633,9,442.44827586206895,1984-02-01,-210.44,0.28000000000000114,17-23,3-8
1984,3,1106.4665796160375,-209.71,20.12172043010752,9.354408602150539,21,381.0,1984-03-01,-210.16,0.44999999999998863,17-23,8-12
1984,4,763.7074822627642,-209.34,22.029888888888884,10.604666666666668,14,516.7,1984-04-01,-209.71,0.37000000000000455,17-23,8-12
1984,5,0.6969696969696969,-209.33,28.941290322580645,14.51204301075269,3,621.3870967741935,1984-05-01,-209.34,0.009999999999990905,28-31,12-16
1984,6,1.0454545454545454,-209.59,29.565333333333335,16.70555555555556,2,711.9,1984-06-01,-209.33,-0.2599999999999909,28-31,16-19
1984,7,4.3,-209.89,31.13769585253456,18.942607231478192,1,725.4193548387096,1984-07-01,-209.59,-0.29999999999998295,31-34,16-19
1984,8,5.0,-210.36,30.922826420890935,18.900583717357907,2,701.3225806451613,1984-08-01,-209.89,-0.4700000000000273,28-31,16-19
1984,9,0.0,-210.55,31.195336996336998,17.521573870573867,0,606.9,1984-09-01,-210.36,-0.18999999999999773,31-34,16-19
1984,10,265.29158786657797,-210.74,28.694285714285712,15.529769585253456,8,530.4193548387096,1984-10-01,-210.55,-0.18999999999999773,23-28,12-16
1984,11,936.8457402985845,-210.81,22.095333333333333,11.934000000000001,26,438.2,1984-11-01,-210.74,-0.06999999999999318,17-23,8-12
1985,1,937.1229186040221,-210.74,17.66129032258064,8.338494623655915,23,298.5483870967742,1985-01-01,-210.81,0.06999999999999318,11-17,3-8
1985,2,1828.1483841878155,-209.85,15.053809523809523,6.021666666666667,23,332.57142857142856,1985-02-01,-210.74,0.8900000000000148,11-17,3-8
1985,3,140.72501765191402,-209.68,20.698279569892478,8.025806451612903,8,460.06451612903226,1985-03-01,-209.85,0.1699999999999875,17-23,3-8
1985,4,524.9454710425038,-209.63,23.94625396825397,11.016333333333334,9,513.5,1985-04-01,-209.68,0.05000000000001137,23-28,8-12
1985,5,15.928896202570902,-209.81,28.317204301075268,15.502718894009217,7,506.35483870967744,1985-05-01,-209.63,-0.18000000000000682,23-28,12-16
1985,6,0.0,-210.12,30.331380952380957,17.26609523809524,0,729.3,1985-06-01,-209.81,-0.3100000000000023,28-31,16-19
1985,7,0.0,-210.48,31.607403993855613,18.451843317972347,0,736.0645161290323,1985-07-01,-210.12,-0.3599999999999852,31-34,16-19
1985,8,0.0,-210.88,33.26645161290322,21.604301075268815,0,635.1290322580645,1985-08-01,-210.48,-0.4000000000000057,31-34,19-23
1985,9,8.410714285714285,-211.19,31.319333333333343,18.42244444444445,3,601.4,1985-09-01,-210.88,-0.3100000000000023,31-34,16-19
1985,10,380.5225316140097,-211.39,26.45958525345622,14.27290322580645,16,534.5806451612904,1985-10-01,-211.19,-0.19999999999998863,23-28,12-16
1985,11,389.36251592450174,-211.63,25.04155555555555,13.09,10,437.8,1985-11-01,-211.39,-0.2400000000000091,23-28,12-16
1985,12,1119.2515870019058,-211.73,18.127096774193543,8.716559139784946,18,377.2258064516129,1985-12-01,-211.63,-0.09999999999999432,17-23,8-12
1986,1,1222.8673246481299,-211.55,16.510128083491463,7.607020872865274,24,379.741935483871,1986-01-01,-211.73,0.1799999999999784,11-17,3-8
1986,2,1149.1471583658372,-211.14,17.943045112781952,7.003626713843432,20,415.17857142857144,1986-02-01,-211.55,0.410000000000025,17-23,3-8
1986,3,362.3366430224526,-211.08,21.039558573853995,8.904584040747027,17,486.0967741935484,1986-03-01,-211.14,0.05999999999997385,17-23,8-12
1986,4,277.2615748854083,-211.05,26.273157894736833,12.886140350877195,9,512.1,1986-04-01,-211.08,0.030000000000001137,23-28,12-16
1986,5,482.51620736340567,-211.09,24.86310795965245,12.40967741935484,11,635.3225806451613,1986-05-01,-211.05,-0.03999999999999204,23-28,12-16
1986,6,29.255607355607353,-211.31,30.002526315789467,17.493947368421058,4,716.3,1986-06-01,-211.09,-0.21999999999999886,28-31,16-19
1986,7,0.0,-211.6,31.27758913412563,18.7068458781362,0,722.0322580645161,1986-07-01,-211.31,-0.28999999999999204,31-34,16-19
1986,8,0.0,-212.0,31.689646697388632,19.547809847198636,0,688.0645161290323,1986-08-01,-211.6,-0.4000000000000057,31-34,19-23
1986,9,28.5349508746705,-212.28,31.981219715956556,19.548421052631582,4,616.7,1986-09-01,-212.0,-0.28000000000000114,31-34,19-23
1986,10,603.9396500266405,-212.34,27.091090629800316,15.58878648233487,12,523.741935483871,1986-10-01,-212.28,-0.060000000000002274,23-28,12-16
1986,11,2427.2477193080204,-212.06,19.032063492063497,9.796507936507934,20,375.8,1986-11-01,-212.34,0.28000000000000114,17-23,8-12
1986,12,1546.8369875406618,-211.73,15.665645161290321,6.706774193548386,22,371.7096774193548,1986-12-01,-212.06,0.3300000000000125,11-17,3-8
1987,1,1074.101074842606,-210.91,16.632419354838706,7.15516129032258,16,365.2258064516129,1987-01-01,-211.73,0.8199999999999932,11-17,3-8
1987,2,566.9598298118703,-210.5,18.59732142857143,8.417857142857143,14,432.42857142857144,1987-02-01,-210.91,0.4099999999999966,17-23,3-8
1987,3,1147.3353968843323,-209.81,15.863709677419353,6.3782078853046595,25,357.7741935483871,1987-03-01,-210.5,0.6899999999999977,11-17,3-8
1987,4,153.86138529042958,-209.55,21.763430799220277,9.620038986354775,15,598.1,1987-04-01,-209.81,0.2599999999999909,17-23,8-12
1987,5,32.689542483660134,-209.54,27.784550084889638,12.799490662139213,5,660.8709677419355,1987-05-01,-209.55,0.010000000000019327,23-28,12-16
1987,6,0.0,-209.68,29.608421052631574,15.963333333333335,0,732.9,1987-06-01,-209.54,-0.14000000000001478,28-31,12-16
1987,7,0.0,-209.94,32.03209677419355,19.838763440860216,0,708.0,1987-07-01,-209.68,-0.2599999999999909,31-34,19-23
1987,8,0.0,-210.27,32.58804659498208,20.475428221090365,0,689.2258064516129,1987-08-01,-209.94,-0.3300000000000125,31-34,19-23
1987,9,0.0,-210.52,31.32600877192983,18.539798245614044,0,619.0,1987-09-01,-210.27,-0.25,31-34,16-19
1987,10,695.3863068317866,-210.71,26.221272401433687,14.833924731182794,16,468.0,1987-10-01,-210.52,-0.18999999999999773,23-28,12-16
1987,11,469.941446050605,-210.82,22.825517543859647,11.275964912280704,8,466.2,1987-11-01,-210.71,-0.10999999999998522,17-23,8-12
1987,12,2435.6719416574256,-210.66,16.68543010752688,9.790143369175626,25,248.2258064516129,1987-12-01,-210.82,0.1599999999999966,11-17,8-12
1988,1,1399.7368345743203,-210.04,14.775645161290322,7.463896434634977,26,314.7096774193548,1988-01-01,-210.66,0.6200000000000045,11-17,3-8
1988,2,1786.8740773810846,-209.22,15.123505747126437,7.196034482758621,24,272.7931034482759,1988-02-01,-210.04,0.8199999999999932,11-17,3-8
1988,3,928.2084272518058,-208.95,17.50209677419355,8.10588285229202,22,406.741935483871,1988-03-01,-209.22,0.27000000000001023,11-17,3-8
1988,4,179.78404506695892,-208.8,23.939768518518523,11.035880991285403,11,493.2,1988-04-01,-208.95,0.14999999999997726,23-28,8-12
1988,5,5.125,-208.81,29.405819656668562,15.137577815506505,4,673.1612903225806,1988-05-01,-208.8,-0.009999999999990905,28-31,12-16
1988,6,1.4190476190476191,-209.05,30.647807017543858,17.67510721247563,3,711.7,1988-06-01,-208.81,-0.2400000000000091,28-31,16-19
1988,7,30.5,-210.0,32.735766836445954,20.976551594038856,2,718.3548387096774,1988-07-01,-209.05,-0.9499999999999886,31-34,19-23
1988,8,0.0,-209.64,32.178348147408364,20.758384100669126,0,689.2258064516129,1988-08-01,-210.0,0.36000000000001364,31-34,19-23
1988,9,20.064529914529913,-209.94,31.75031573214081,18.45483935328517,3,624.9,1988-09-01,-209.64,-0.30000000000001137,31-34,16-19
1988,10,316.85395945754664,-210.16,26.775970682557123,14.928552326420098,18,546.6774193548387,1988-10-01,-209.94,-0.21999999999999886,23-28,12-16
1988,11,723.4884485474996,-210.28,20.256101364522422,9.571998050682259,20,436.2,1988-11-01,-210.16,-0.12000000000000455,17-23,8-12
1988,12,1740.23767472505,-210.24,16.394255800792305,8.104301075268816,21,294.0,1988-12-01,-210.28,0.03999999999999204,11-17,3-8
1989,1,866.620976043249,-210.15,12.862969251084705,3.644826170422895,25,335.4193548387097,1989-01-01,-210.24,0.09000000000000341,11-17,
1989,2,583.5060677582236,-210.11,16.23970342522974,4.891541353383459,15,450.42857142857144,1989-02-01,-210.15,0.03999999999999204,11-17,3-8
1989,3,934.9898690007844,-210.02,19.102329749103948,8.103272967364646,16,456.0,1989-03-01,-210.11,0.09000000000000341,17-23,3-8
1989,4,49.22916666666667,-210.16,28.153398692810455,12.43494553376906,2,634.7,1989-04-01,-210.02,-0.13999999999998636,23-28,12-16
1989,5,19.54910160015423,-210.4,29.249066213921896,15.055451801546878,4,706.6451612903226,1989-05-01,-210.16,-0.2400000000000091,28-31,12-16
1989,6,63.916666666666664,-210.74,29.421425868593058,16.599957358674466,1,751.5,1989-06-01,-210.4,-0.3400000000000034,28-31,16-19
1989,7,0.0,-211.2,31.455597722960146,19.768880455407963,0,735.3870967741935,1989-07-01,-210.74,-0.45999999999997954,31-34,19-23
1989,8,0.0,-211.63,31.77571157495256,19.700498102466785,0,699.9677419354839,1989-08-01,-211.2,-0.4300000000000068,31-34,19-23
1989,9,16.238970588235293,-211.94,30.79616666666667,18.365333333333336,2,612.9,1989-09-01,-211.63,-0.3100000000000023,28-31,16-19
1989,10,568.7787171594296,-212.25,26.41693548387096,14.440645161290325,16,519.6774193548387,1989-10-01,-211.94,-0.3100000000000023,23-28,12-16
1989,11,1185.935778019294,-212.3,22.38616666666667,12.444833333333333,18,425.9,1989-11-01,-212.25,-0.05000000000001137,17-23,12-16
1989,12,948.5955660495333,-212.13,16.803370118845496,7.472674966987358,19,356.51612903225805,1989-12-01,-212.3,0.17000000000001592,11-17,3-8
1990,1,1499.0826408952523,-211.95,13.808972835314089,5.918404074702886,27,267.2903225806452,1990-01-01,-212.13,0.18000000000000682,11-17,3-8
1990,2,1337.2899770304193,-211.69,15.033280075187973,6.041945488721805,23,401.14285714285717,1990-02-01,-211.95,0.2599999999999909,11-17,3-8
1990,3,792.4367724537963,-211.42,18.795945104697225,7.983648368232408,16,486.8709677419355,1990-03-01,-211.69,0.27000000000001023,17-23,3-8
1990,4,348.8683729416389,-211.24,23.4935350877193,10.776943469785577,9,530.0,1990-04-01,-211.42,0.1799999999999784,23-28,8-12
1990,5,46.51103678929766,-211.31,26.87911714770797,13.488455008488964,5,660.483870967742,1990-05-01,-211.24,-0.06999999999999318,23-28,12-16
1990,6,1.0,-211.51,29.956938596491227,16.769324561403504,1,738.1,1990-06-01,-211.31,-0.19999999999998863,28-31,16-19
1990,7,0.0,-211.88,31.531644972646667,19.212412752310886,0,725.3225806451613,1990-07-01,-211.51,-0.37000000000000455,31-34,16-19
1990,8,57.30434782608695,-212.27,31.614762308998294,19.43440011318619,1,710.516129032258,1990-08-01,-211.88,-0.3900000000000148,31-34,19-23
1990,9,5.25,-212.56,29.951833333333337,18.106666666666673,4,608.3,1990-09-01,-212.27,-0.28999999999999204,28-31,16-19
1990,10,168.28267263283558,-212.76,29.050382003395587,16.577792092501973,10,548.7096774193549,1990-10-01,-212.56,-0.19999999999998863,28-31,16-19
1990,11,260.25382748816725,-212.85,24.908456140350882,13.562779727095515,8,460.0,1990-11-01,-212.76,-0.09000000000000341,23-28,12-16
1991,1,1812.4582375673144,-212.7,15.339558573853992,6.873646481795887,26,333.5806451612903,1991-01-01,-212.85,0.15000000000000568,11-17,3-8
1991,2,802.6965313587195,-212.47,16.73031954887218,7.172697368421052,17,408.42857142857144,1991-02-01,-212.7,0.22999999999998977,11-17,3-8
1991,3,1331.5871905806628,-212.13,19.905442369364277,10.288877237369196,20,396.38709677419354,1991-03-01,-212.47,0.3400000000000034,17-23,8-12
1991,4,339.7646936442339,-211.92,24.540360623781673,12.240263157894733,9,482.4,1991-04-01,-212.13,0.21000000000000796,23-28,12-16
1991,5,70.31977181116349,-211.96,26.602716468590824,14.203282399547257,8,598.0645161290323,1991-05-01,-211.92,-0.040000000000020464,23-28,12-16
1991,6,0.0,-212.08,29.27070175438596,16.696666666666662,0,731.1,1991-06-01,-211.96,-0.12000000000000455,28-31,16-19
1991,7,0.0,-212.27,30.246312016600644,19.31409168081494,0,710.1290322580645,1991-07-01,-212.08,-0.18999999999999773,28-31,16-19
1991,8,0.0,-212.49,30.595425391435587,20.24583097528768,0,682.258064516129,1991-08-01,-212.27,-0.21999999999999886,28-31,19-23
1991,9,13.792741935483871,-212.68,29.893834422657957,17.912407407407407,3,588.8,1991-09-01,-212.49,-0.18999999999999773,28-31,16-19
1991,10,184.35051513963907,-212.8,28.519162866051907,16.512497641954347,14,519.3870967741935,1991-10-01,-212.68,-0.12000000000000455,23-28,16-19
1991,11,1883.2070748147826,-212.74,22.38725925925926,12.340803118908386,18,427.0,1991-11-01,-212.8,0.060000000000002274,17-23,12-16
1991,12,3405.292902291332,-212.07,14.403326231454662,7.688155952816894,26,267.0967741935484,1991-12-01,-212.74,0.6700000000000159,11-17,3-8
1992,1,2211.0953264670416,-211.02,11.887096774193552,4.902130730050935,23,270.7741935483871,1992-01-01,-212.07,1.049999999999983,,3-8
1992,2,3205.3957411082947,-209.22,12.145190562613426,5.250998185117967,27,231.6206896551724,1992-02-01,-211.02,1.8000000000000114,11-17,3-8
1992,3,470.3120201315782,-208.98,17.17608875128999,7.036504987960097,21,417.5,1992-03-01,-209.22,0.2400000000000091,11-17,3-8
1992,4,84.50529450759097,-208.79,22.5954128540305,10.327746588693953,13,526.6,1992-04-01,-208.98,0.18999999999999773,17-23,8-12
1992,5,131.14955620717657,-208.81,26.085291858678954,14.072464629315222,11,569.7096774193549,1992-05-01,-208.79,-0.020000000000010232,23-28,12-16
1992,6,175.46207792207792,-208.85,29.607761069340018,17.13763575605681,3,687.6,1992-06-01,-208.81,-0.03999999999999204,28-31,16-19
1992,7,0.0,-208.97,30.49462365591398,18.806241409976558,0,716.1290322580645,1992-07-01,-208.85,-0.12000000000000455,28-31,16-19
1992,8,27.25,-209.18,31.995253456221196,20.491221198156683,1,672.2903225806451,1992-08-01,-208.97,-0.21000000000000796,31-34,19-23
1992,9,21.45,-209.37,30.456753968253963,18.410246031746034,3,597.5,1992-09-01,-209.18,-0.18999999999999773,28-31,16-19
1992,10,4.579365079365079,-209.49,29.3757757296467,15.732542242703532,3,547.6451612903226,1992-10-01,-209.37,-0.12000000000000455,28-31,12-16
1992,11,1011.0602125229997,-209.6,22.106825396825393,12.444601921470342,19,413.0,1992-11-01,-209.49,-0.10999999999998522,17-23,12-16
1992,12,2639.4289141190934,-209.45,13.594009216589862,6.659293394777264,25,259.16129032258067,1992-12-01,-209.6,0.15000000000000568,11-17,3-8
1993,1,1215.4554195174258,-209.46,14.138095238095238,5.14193548387097,14,351.0967741935484,1993-01-01,-209.45,-0.010000000000019327,11-17,3-8
1993,2,1044.9377486756234,-209.26,13.647108843537412,4.713775510204082,22,350.57142857142856,1993-02-01,-209.46,0.20000000000001705,11-17,3-8
1993,3,665.6651340268334,-208.94,18.53594470046083,7.552122241086589,20,469.16129032258067,1993-03-01,-209.26,0.3199999999999932,17-23,3-8
1993,4,170.45489750590272,-208.85,24.21825396825397,10.842857142857143,12,594.2,1993-04-01,-208.94,0.09000000000000341,23-28,8-12
1993,5,250.65851211414093,-208.81,25.652073732718897,13.339170506912446,17,553.5483870967741,1993-05-01,-208.85,0.03999999999999204,23-28,12-16
1993,6,23.183482040722943,-208.92,30.95118253968253,17.61319214703425,4,731.4,1993-06-01,-208.81,-0.10999999999998522,28-31,16-19
1993,7,0.0,-209.1,31.636075102366924,19.291841106561474,0,732.0,1993-07-01,-208.92,-0.18000000000000682,31-34,16-19
1993,8,0.0,-209.31,32.36927803379417,20.375046082949314,0,691.0645161290323,1993-08-01,-209.1,-0.21000000000000796,31-34,19-23
1993,9,1.3571428571428572,-209.52,30.791904761904757,18.13555555555556,1,623.1,1993-09-01,-209.31,-0.21000000000000796,28-31,16-19
1993,10,368.31819423991914,-209.7,30.234500768049152,17.92057603686636,19,534.0967741935484,1993-10-01,-209.52,-0.1799999999999784,28-31,16-19
1993,11,401.12003124376025,-209.81,21.30587301587302,11.499395989974941,15,409.5,1993-11-01,-209.7,-0.11000000000001364,17-23,8-12
1993,12,239.47630164390904,-209.89,19.664454685099845,9.786835637480797,14,347.51612903225805,1993-12-01,-209.81,-0.07999999999998408,17-23,8-12
1994,1,1779.4802222070941,-209.73,16.908294930875577,8.998095238095237,24,300.51612903225805,1994-01-01,-209.89,0.1599999999999966,11-17,8-12
1994,2,1149.2682873599563,-209.41,16.086564625850343,7.42312925170068,22,394.85714285714283,1994-02-01,-209.73,0.3199999999999932,11-17,3-8
1994,3,804.2454522132259,-209.1,18.49466973886329,8.4673732718894,23,456.61290322580646,1994-03-01,-209.41,0.3100000000000023,17-23,8-12
1994,5,51.24317666460524,-209.31,28.705042444821732,15.052733446519527,8,678.3225806451613,1994-05-01,-209.1,-0.21000000000000796,23-28,12-16
1994,6,0.5,-209.6,29.58342105263157,17.392359649122806,1,731.4,1994-06-01,-209.31,-0.28999999999999204,28-31,16-19
1994,7,0.0,-210.04,31.003607809847196,20.01112903225806,0,721.1612903225806,1994-07-01,-209.6,-0.4399999999999977,28-31,19-23
1994,8,6.0,-210.37,32.043064516129036,20.17838709677419,2,691.258064516129,1994-08-01,-210.04,-0.3300000000000125,31-34,19-23
1994,9,216.64722222222218,-210.66,32.194210526315786,20.205964912280702,7,596.0,1994-09-01,-210.37,-0.28999999999999204,31-34,19-23
1994,10,494.71881285318386,-210.93,30.463157894736835,18.58149405772496,15,496.64516129032256,1994-10-01,-210.66,-0.27000000000001023,28-31,16-19
1994,11,2867.035204412404,-210.88,19.53105263157895,11.72526315789474,26,302.9,1994-11-01,-210.93,0.05000000000001137,17-23,8-12
1994,12,1825.5579337826132,-210.23,14.501358234295417,6.743293718166384,17,357.19354838709677,1994-12-01,-210.88,0.6500000000000057,11-17,3-8
1995,1,658.2815689896372,-209.76,15.782512733446518,7.215789473684208,19,372.6774193548387,1995-01-01,-210.23,0.46999999999999886,11-17,3-8
1995,2,2604.6764955939966,-209.24,16.697766475011058,6.758571290358248,17,421.92857142857144,1995-02-01,-209.76,0.5199999999999818,11-17,3-8
1995,3,339.59621309527637,-209.08,19.5125636672326,8.128013582342952,16,499.258064516129,1995-03-01,-209.24,0.1599999999999966,17-23,3-8
1995,4,315.83083355120374,-209.01,22.60268031189083,10.123031189083822,14,542.5,1995-04-01,-209.08,0.0700000000000216,17-23,8-12
1995,5,56.28769701378397,-209.12,27.567312493758116,14.6628372005282,5,682.741935483871,1995-05-01,-209.01,-0.11000000000001364,23-28,12-16
1995,6,0.0,-209.37,30.829161793372325,18.311189083820658,0,731.9,1995-06-01,-209.12,-0.25,28-31,16-19
1995,7,137.68467015402499,-209.8,31.320373514431235,20.39269949066214,8,703.4516129032259,1995-07-01,-209.37,-0.4300000000000068,31-34,19-23
1995,8,1.0,-210.16,32.00358422939069,20.414336917562725,1,690.0,1995-08-01,-209.8,-0.3599999999999852,31-34,19-23
1995,9,1.2581699346405228,-210.48,30.616906318082798,18.369183006535945,2,607.8,1995-09-01,-210.16,-0.3199999999999932,28-31,16-19
1995,10,45.61567310432513,-210.83,26.63285895003162,14.567362428842502,7,534.2903225806451,1995-10-01,-210.48,-0.35000000000002274,23-28,12-16
1995,11,986.0482940922994,-210.94,20.572280701754387,9.820311890838207,14,451.8,1995-11-01,-210.83,-0.10999999999998522,17-23,8-12
1995,12,569.6750302233859,-210.98,17.03548387096774,7.295415959252973,13,422.7096774193548,1995-12-01,-210.94,-0.03999999999999204,11-17,3-8
1996,1,2079.2271169693267,-210.62,15.302096774193544,7.308870967741934,24,332.2258064516129,1996-01-01,-210.98,0.3599999999999852,11-17,3-8
1996,2,488.7264768789412,-210.33,17.222912885662435,7.769219600725953,23,337.7586206896552,1996-02-01,-210.62,0.28999999999999204,11-17,3-8
1996,3,1565.2901177897324,-209.81,17.800938058301984,8.616927716191174,24,340.06451612903226,1996-03-01,-210.33,0.5200000000000102,11-17,8-12
1996,4,287.7543751716159,-209.6,22.583333333333332,10.449684210526318,12,522.6,1996-04-01,-209.81,0.21000000000000796,17-23,8-12
1996,5,11.397727272727273,-209.71,28.91413978494624,15.337275985663084,2,653.6129032258065,1996-05-01,-209.6,-0.11000000000001364,28-31,12-16
1996,6,0.0,-210.07,30.20177582846004,17.726827485380124,0,727.5,1996-06-01,-209.71,-0.3599999999999852,28-31,16-19
1996,7,0.0,-210.4,31.940999811356352,20.761935483870964,0,654.0967741935484,1996-07-01,-210.07,-0.3300000000000125,31-34,19-23
1996,8,0.0,-210.76,32.214003961516696,20.094643463497455,0,692.4193548387096,1996-08-01,-210.4,-0.3599999999999852,31-34,19-23
1996,9,50.5813837730214,-211.08,31.00548245614035,18.738298245614033,2,612.0,1996-09-01,-210.76,-0.3200000000000216,28-31,16-19
1996,10,713.6269419624541,-211.39,26.352920203735135,14.98463403131485,20,519.6774193548387,1996-10-01,-211.08,-0.30999999999997385,23-28,12-16
1996,11,373.7749440446118,-211.51,23.498050682261205,13.43453216374269,18,435.4,1996-11-01,-211.39,-0.12000000000000455,23-28,12-16
1996,12,1174.0981708764516,-211.47,18.786295038671952,9.606592873708625,26,347.1290322580645,1996-12-01,-211.51,0.03999999999999204,17-23,8-12
1997,1,1115.3085054687901,-211.45,17.24187120149603,7.8102166475413295,22,358.64516129032256,1997-01-01,-211.47,0.020000000000010232,11-17,3-8
1997,2,1910.1951017377132,-210.94,14.826766304347828,4.7748732052109375,17,411.85714285714283,1997-02-01,-211.45,0.5099999999999909,11-17,3-8
1997,3,1333.4765560963303,-210.44,16.841331442050233,7.42999277487356,21,381.6774193548387,1997-03-01,-210.94,0.5,11-17,3-8
1997,4,371.5699668874921,-210.24,21.522954194115066,10.257829192546582,13,460.1,1997-04-01,-210.44,0.19999999999998863,17-23,8-12
1997,5,86.51372136359409,-210.28,28.656075268817197,14.935021505376346,5,716.4193548387096,1997-05-01,-210.24,-0.03999999999999204,23-28,12-16
1997,6,1.875,-210.6,30.420272222222227,18.09307222222223,1,725.2,1997-06-01,-210.28,-0.3199999999999932,28-31,16-19
1997,7,0.0,-210.97,31.933118279569904,20.941870967741938,0,725.7096774193549,1997-07-01,-210.6,-0.37000000000000455,31-34,19-23
1997,8,4.904761904761905,-211.46,30.494088762803347,19.97820848739853,2,676.258064516129,1997-08-01,-210.97,-0.4900000000000091,28-31,19-23
1997,9,76.51016806311551,-211.79,29.800559947299075,18.274421146245064,5,598.3,1997-09-01,-211.46,-0.3299999999999841,28-31,16-19
1997,10,503.55984040463903,-211.98,28.105871374534775,16.23885282296012,17,466.06451612903226,1997-10-01,-211.79,-0.18999999999999773,23-28,12-16
1997,11,1013.9201747264194,-212.11,22.841174863542253,13.053180566534918,21,414.9,1997-11-01,-211.98,-0.13000000000002387,17-23,12-16
1997,12,1593.5267249940346,-212.01,17.641381720430104,9.682564516129034,25,342.19354838709677,1997-12-01,-212.11,0.10000000000002274,11-17,8-12
1998,1,1654.2720570702122,-211.72,14.840269263462112,7.295352479918398,26,284.3225806451613,1998-01-01,-212.01,0.28999999999999204,11-17,3-8
1998,2,723.9447396017772,-211.36,16.54086309523809,7.424035714285712,18,395.4642857142857,1998-02-01,-211.72,0.3599999999999852,11-17,3-8
1998,3,1411.1001200471628,-210.86,17.89579032258065,8.139348293595138,21,357.48387096774195,1998-03-01,-211.36,0.5,11-17,3-8
1998,4,289.5220226943028,-210.46,24.6544,12.818455555555557,17,574.8,1998-04-01,-210.86,0.4000000000000057,23-28,12-16
1998,5,179.1468171423203,-210.5,28.242182795698927,15.833005376344085,14,558.2903225806451,1998-05-01,-210.46,-0.03999999999999204,23-28,12-16
1998,6,0.0,-210.8,29.807931884057965,18.031575845410625,0,729.8,1998-06-01,-210.5,-0.30000000000001137,28-31,16-19
1998,7,0.0,-211.08,32.512752382493616,20.618883338727656,0,720.7741935483871,1998-07-01,-210.8,-0.28000000000000114,31-34,19-23
1998,8,0.0,-211.61,33.8664270687237,21.83287821411875,0,684.7741935483871,1998-08-01,-211.08,-0.5300000000000011,31-34,19-23
1998,9,107.50666143882741,-211.93,32.19489130434783,20.362119565217384,8,617.6,1998-09-01,-211.61,-0.3199999999999932,31-34,19-23
1998,10,45.45180327868852,-212.2,29.45188172043011,16.83611500701262,5,578.9032258064516,1998-10-01,-211.93,-0.2699999999999818,28-31,16-19
1998,11,219.91264735801408,-212.42,25.53835,14.179216666666663,15,457.3,1998-11-01,-212.2,-0.21999999999999886,23-28,12-16
1998,12,1283.798744194973,-212.41,19.34861315013489,10.89437143170839,22,325.4,1998-12-01,-212.42,0.009999999999990905,17-23,8-12
1999,1,1265.4388703578213,-212.22,17.76894907243295,8.096421547389287,21,365.4193548387097,1999-01-01,-212.41,0.18999999999999773,11-17,3-8
1999,2,434.59449539657487,-212.04,18.103026819999645,7.998716729928687,15,375.5357142857143,1999-02-01,-212.22,0.18000000000000682,17-23,3-8
1999,3,456.6548927487925,-211.91,20.96394495933851,9.916328349811108,19,477.1034482758621,1999-03-01,-212.04,0.12999999999999545,17-23,8-12
1999,4,336.8895577000862,-211.76,23.713815384615383,11.727697435897435,8,568.8,1999-04-01,-211.91,0.15000000000000568,23-28,8-12
1999,5,0.5,-211.88,29.65290322580645,16.17552357320099,1,687.9677419354839,1999-05-01,-211.76,-0.12000000000000455,28-31,12-16
1999,6,96.475,-212.07,30.446574358974367,18.98013846153846,5,707.7,1999-06-01,-211.88,-0.18999999999999773,28-31,16-19
1999,7,0.0,-212.3,32.254611248966086,21.445021091811416,0,708.6774193548387,1999-07-01,-212.07,-0.2300000000000182,31-34,19-23
1999,8,0.0,-212.6,33.044854720548265,21.891282025023955,0,685.258064516129,1999-08-01,-212.3,-0.29999999999998295,31-34,19-23
1999,9,30.33030303030303,-212.8,31.967152014652022,20.367430402930403,6,620.1,1999-09-01,-212.6,-0.20000000000001705,31-34,19-23
1999,10,116.60732371265539,-212.99,28.368487665261856,17.070019496632398,10,522.9677419354839,1999-10-01,-212.8,-0.18999999999999773,23-28,16-19
1999,11,269.9051257856416,-213.11,24.159047619047612,12.613668430335094,12,483.6,1999-11-01,-212.99,-0.12000000000000455,23-28,12-16
1999,12,556.6401970842702,-213.12,20.419124423963133,9.861405529953915,8,385.4516129032258,1999-12-01,-213.11,-0.009999999999990905,17-23,8-12
2000,1,3281.6625227369127,-212.56,14.55029409061667,6.962815917654626,24,285.0967741935484,2000-01-01,-213.12,0.5600000000000023,11-17,3-8
2000,2,807.9527204039227,-212.16,16.48725316828765,6.952215345318793,20,421.2413793103448,2000-02-01,-212.56,0.4000000000000057,11-17,3-8
2000,3,576.1713964505582,-211.94,17.90148515761419,7.792416138222589,15,452.7096774193548,2000-03-01,-212.16,0.21999999999999886,17-23,3-8
2000,4,257.934828824849,-211.92,24.626699905033238,13.067663817663819,10,506.8,2000-04-01,-211.94,0.020000000000010232,23-28,12-16
2000,5,137.55555555555554,-212.14,26.979523940814264,14.626004043745981,2,696.9677419354839,2000-05-01,-211.92,-0.21999999999999886,23-28,12-16
2000,6,1.0,-212.47,30.842953276353274,19.06806647673314,1,743.7,2000-06-01,-212.14,-0.3300000000000125,28-31,16-19
2000,7,0.0,-212.91,33.64742362834298,22.152829151732373,0,720.483870967742,2000-07-01,-212.47,-0.4399999999999977,31-34,19-23
2000,8,0.0,-213.32,32.14927157430383,22.057696948809856,0,662.4193548387096,2000-08-01,-212.91,-0.4099999999999966,31-34,19-23
2000,9,77.32419540866098,-213.56,30.61283076923077,20.203692307692315,6,601.8,2000-09-01,-213.32,-0.2400000000000091,28-31,19-23
2000,10,1008.5681599673899,-213.71,26.767558312655083,16.684550868486355,20,458.9032258064516,2000-10-01,-213.56,-0.15000000000000568,23-28,16-19
2000,11,406.5086690768388,-213.8,23.63118675704883,12.225262795952448,8,471.1034482758621,2000-11-01,-213.71,-0.09000000000000341,23-28,12-16
2000,12,1202.6550652752426,-213.65,17.992335263303012,9.9569984376436,21,324.96774193548384,2000-12-01,-213.8,0.15000000000000568,17-23,8-12
2001,1,913.8079860342754,-213.51,17.521598842018197,7.9617766749379655,18,377.4193548387097,2001-01-01,-213.65,0.14000000000001478,11-17,3-8
2001,2,1097.9831461639649,-213.22,17.284447496947497,7.923582417582415,19,379.5,2001-02-01,-213.51,0.28999999999999204,11-17,3-8
2001,3,251.64746792722622,-213.06,23.90118030032406,11.854101390194659,13,525.3870967741935,2001-03-01,-213.22,0.1599999999999966,23-28,8-12
2001,4,95.1905580618816,-213.13,25.63388414055082,13.441389743589744,14,509.1,2001-04-01,-213.06,-0.06999999999999318,23-28,12-16
2001,5,265.02622479196236,-213.35,27.961860123150448,15.921215880893298,12,637.8387096774194,2001-05-01,-213.13,-0.21999999999999886,23-28,12-16
2001,6,0.0,-213.64,30.69493827160494,18.839671794871794,0,740.8,2001-06-01,-213.35,-0.28999999999999204,28-31,16-19
2001,7,0.0,-213.96,32.102134408602154,21.107260132340777,0,704.3225806451613,2001-07-01,-213.64,-0.3200000000000216,31-34,19-23
2001,8,0.0,-214.28,32.42932005330392,22.154550684679716,0,668.7096774193549,2001-08-01,-213.96,-0.3199999999999932,31-34,19-23
2001,9,0.625,-214.61,30.531267806267806,20.25876809116809,1,603.0,2001-09-01,-214.28,-0.3300000000000125,28-31,19-23
2001,10,405.6237960732232,-214.77,27.87444168734491,17.39590570719603,13,514.0645161290323,2001-10-01,-214.61,-0.1599999999999966,23-28,16-19
2001,11,1355.3219257071237,-214.87,22.40176794871795,12.691493589743592,20,407.2,2001-11-01,-214.77,-0.09999999999999432,17-23,12-16
2001,12,1972.5518263393965,-214.68,17.39957113316791,9.590580093741385,23,286.06451612903226,2001-12-01,-214.87,0.18999999999999773,11-17,8-12
2002,1,1891.9680516920293,-214.26,15.02863116572794,6.837482932240994,22,325.83870967741933,2002-01-01,-214.68,0.4200000000000159,11-17,3-8
2002,2,666.3024108510616,-213.98,20.044722184537,9.164915057507649,13,460.44444444444446,2002-02-01,-214.26,0.28000000000000114,17-23,8-12
2002,3,1043.5239586839907,-213.63,21.82123655913979,11.150277351083805,19,417.5806451612903,2002-03-01,-213.98,0.3499999999999943,17-23,8-12
2002,4,580.6199182597055,-213.19,22.696424162257493,12.587597001763667,19,441.9,2002-04-01,-213.63,0.4399999999999977,17-23,12-16
2002,5,69.86402630069281,-213.21,26.5339435057177,15.091662399726916,6,668.9032258064516,2002-05-01,-213.19,-0.020000000000010232,23-28,12-16
2002,6,0.0,-213.44,30.698887766129143,19.35698321474183,0,731.4827586206897,2002-06-01,-213.21,-0.22999999999998977,28-31,16-19
2002,7,0.0,-213.71,33.04965437788019,22.485944700460823,0,719.516129032258,2002-07-01,-213.44,-0.27000000000001023,31-34,19-23
2002,8,3.095238095238095,-214.01,32.64166239972692,22.511495135688683,3,684.5806451612904,2002-08-01,-213.71,-0.29999999999998295,31-34,19-23
2002,9,29.25692640692641,-214.24,32.07523368606702,20.53770112603446,7,620.8,2002-09-01,-214.01,-0.2300000000000182,31-34,19-23
2002,10,231.4128842013617,-214.32,29.13727598566308,18.339187574671445,11,463.258064516129,2002-10-01,-214.24,-0.07999999999998408,28-31,16-19
2002,11,524.0135038865926,-214.41,24.79962962962963,13.839259259259261,15,439.2,2002-11-01,-214.32,-0.09000000000000341,23-28,12-16
2002,12,3517.4286558978947,-214.08,17.539307048984465,9.932974910394265,26,305.3225806451613,2002-12-01,-214.41,0.3299999999999841,11-17,8-12
2003,1,1421.3853172509316,-213.7,17.949655172413795,9.67658880237301,22,337.64516129032256,2003-01-01,-214.08,0.3800000000000239,17-23,8-12
2003,2,2708.0937068888584,-211.83,15.353061337994598,8.116666401822132,27,253.07142857142858,2003-02-01,-213.7,1.8699999999999761,11-17,3-8
2003,3,1683.6225410100094,-210.3,17.48877926318541,8.854888944705586,25,346.93548387096774,2003-03-01,-211.83,1.5300000000000011,11-17,8-12
2003,4,306.48704345974755,-209.78,23.75181353767561,12.830592805449129,14,473.6,2003-04-01,-210.3,0.5200000000000102,23-28,12-16
2003,5,31.266691024235783,-209.72,31.40444938820912,18.65083426028921,6,676.258064516129,2003-05-01,-209.78,0.060000000000002274,31-34,16-19
2003,6,1.25,-209.85,30.363908045977002,19.517413945143822,2,723.5,2003-06-01,-209.72,-0.12999999999999545,28-31,19-23
2003,7,0.0,-210.1,32.146992690290794,21.910082631495314,0,712.6451612903226,2003-07-01,-209.85,-0.25,31-34,19-23
2003,8,0.0,-210.4,32.69691323692992,22.57177419354839,0,693.3870967741935,2003-08-01,-210.1,-0.30000000000001137,31-34,19-23
2003,9,6.676923076923076,-210.7,30.57149425287356,20.103513957307065,3,622.3,2003-09-01,-210.4,-0.29999999999998295,28-31,19-23
2003,10,149.17636160411868,-210.9,28.702482623255705,17.798005426370274,5,516.3870967741935,2003-10-01,-210.7,-0.20000000000001705,23-28,16-19
2003,11,550.4447326678003,-211.06,23.84816912972085,14.267188013136288,15,429.1,2003-11-01,-210.9,-0.1599999999999966,23-28,12-16
2003,12,1619.5848992968035,-211.03,17.79221357063404,10.195328142380424,22,317.51612903225805,2003-12-01,-211.06,0.030000000000001137,11-17,8-12
2004,1,2821.00660721108,-209.98,15.487736815156168,8.254382147124081,26,261.0,2004-01-01,-211.03,1.0500000000000114,11-17,3-8
2004,2,1107.4486985213214,-209.135,17.083657179346837,8.406590950556465,23,342.9310344827586,2004-02-01,-209.98,0.8449999999999989,11-17,3-8
2004,3,205.9788665960802,-208.89,22.05691244239631,10.822580645161292,8,485.1290322580645,2004-03-01,-209.135,0.24500000000000455,17-23,8-12
2004,4,144.97578734066317,-208.91,24.47369047619048,12.911309523809523,14,528.7,2004-04-01,-208.89,-0.020000000000010232,23-28,12-16
2004,5,19.70671067106711,-209.055,27.223883680279677,15.769680597489275,7,597.483870967742,2004-05-01,-208.91,-0.14500000000001023,23-28,12-16
2004,6,0.0,-209.33,29.712688834154353,18.960652709359604,0,733.7,2004-06-01,-209.055,-0.2750000000000057,28-31,16-19
2004,7,0.0,-209.665,32.57674082313682,21.58344086021506,0,722.7096774193549,2004-07-01,-209.33,-0.33499999999997954,31-34,19-23
2004,8,0.0,-210.07,31.621522719389528,21.525050294831765,0,677.8064516129032,2004-08-01,-209.665,-0.40500000000000114,31-34,19-23
2004,9,0.0,-210.395,31.120930663700417,19.63253244345569,0,622.1379310344828,2004-09-01,-210.07,-0.32500000000001705,28-31,19-23
2004,10,135.08063748035542,-210.68,29.413195889698233,18.12157258064516,10,516.1935483870968,2004-10-01,-210.395,-0.2849999999999966,28-31,16-19
2004,11,1208.0814735361373,-210.8,23.019532930107527,13.765178091397846,15,395.3,2004-11-01,-210.68,-0.12000000000000455,17-23,12-16
2004,12,626.5752461497357,-210.84,16.584879032258065,7.77076612903226,19,349.93548387096774,2004-12-01,-210.8,-0.03999999999999204,11-17,3-8
2005,1,1685.2759524320143,-210.57,16.140480185570585,8.112142516475894,21,247.61290322580646,2005-01-01,-210.84,0.27000000000001023,11-17,3-8
2005,2,1492.0932308250597,-209.78,15.877120535714285,8.05167770737327,21,332.35714285714283,2005-02-01,-210.57,0.789999999999992,11-17,3-8
2005,3,229.4157144064505,-209.64,20.427321800208116,9.568906087408946,12,468.0967741935484,2005-03-01,-209.78,0.14000000000001478,17-23,8-12
2005,4,96.61419903934001,-209.7,24.793117261322905,13.240985764907135,8,479.6,2005-04-01,-209.64,-0.060000000000002274,23-28,12-16
2005,5,138.87700777849304,-209.94,26.79382726697717,15.360936691392098,6,680.6129032258065,2005-05-01,-209.7,-0.2400000000000091,23-28,12-16
2005,6,12.692307692307692,-210.26,29.499705882352945,18.79394533571004,1,722.7,2005-06-01,-209.94,-0.3199999999999932,28-31,16-19
2005,7,2.3791666666666664,-210.65,32.18715098942803,21.5975196530225,2,732.0,2005-07-01,-210.26,-0.3900000000000148,31-34,19-23
2005,8,6.25,-211.075,32.480092165898625,22.289284358904847,1,686.7096774193549,2005-08-01,-210.65,-0.42499999999998295,31-34,19-23
2005,9,80.42966192562713,-211.37,31.189047619047624,20.26090476190476,6,598.7,2005-09-01,-211.075,-0.2950000000000159,31-34,19-23
2005,10,247.64705501728307,-211.635,27.38995391705069,16.4413418270534,7,523.5483870967741,2005-10-01,-211.37,-0.26499999999998636,23-28,12-16
2005,11,709.3910067288299,-211.71,22.01609523809524,12.406145658263306,15,428.2,2005-11-01,-211.635,-0.07500000000001705,17-23,12-16
2005,12,1364.7963969124187,-211.64,19.4532583355923,10.643431824342642,12,317.3225806451613,2005-12-01,-211.71,0.0700000000000216,17-23,8-12
2006,1,1483.9755250776948,-211.41,15.599484955272432,8.180205278592373,26,284.4193548387097,2006-01-01,-211.64,0.22999999999998977,11-17,3-8
2006,2,751.618929116113,-211.0,17.514897959183674,8.850744297719087,18,331.17857142857144,2006-02-01,-211.41,0.4099999999999966,11-17,8-12
2006,3,206.3725518181202,-210.865,20.714835998915696,9.849243697478993,13,439.5483870967742,2006-03-01,-211.0,0.1349999999999909,17-23,8-12
2006,4,1104.0916587311542,-210.69,23.309722689075627,12.811117647058824,16,412.0,2006-04-01,-210.865,0.17500000000001137,17-23,12-16
2006,5,1.626530612244898,-210.74,27.165806451612905,15.392718894009215,2,675.7741935483871,2006-05-01,-210.69,-0.05000000000001137,23-28,12-16
2006,6,0.0,-210.96,30.553238095238104,19.28552380952381,0,731.8,2006-06-01,-210.74,-0.21999999999999886,28-31,16-19
2006,7,0.0,-211.275,31.153797941463978,21.354961843975126,0,697.741935483871,2006-07-01,-210.96,-0.3149999999999977,31-34,19-23
2006,8,66.25,-211.58,32.633839342188494,21.993840564084877,2,683.6129032258065,2006-08-01,-211.275,-0.3050000000000068,31-34,19-23
2006,9,28.814379084967317,-211.89,31.67979036690433,20.555399110890686,3,601.4,2006-09-01,-211.58,-0.30999999999997385,31-34,19-23
2006,10,1077.5300136846781,-212.03,27.1948481880691,17.1544279368639,20,477.5806451612903,2006-10-01,-211.89,-0.14000000000001478,23-28,16-19
2006,11,431.6909164838443,-212.11,21.551435308972074,11.481172942661912,11,441.1,2006-11-01,-212.03,-0.0800000000000125,17-23,8-12
2006,12,710.2150578781936,-212.18,17.038519924098672,7.069734345351043,11,390.19354838709677,2006-12-01,-212.11,-0.06999999999999318,11-17,3-8
2007,1,1113.1657144502778,-212.02,15.886143398197726,7.137432508909588,12,362.4193548387097,2007-01-01,-212.18,0.1599999999999966,11-17,3-8
2007,2,1367.9968987882614,-211.535,16.838577597840757,8.683481781376518,20,327.96,2007-02-01,-212.02,0.48500000000001364,11-17,8-12
2007,3,655.2110293128723,-211.195,19.038538205593564,9.510667550839965,18,405.1034482758621,2007-03-01,-211.535,0.3400000000000034,17-23,8-12
2007,4,295.15893454504413,-211.065,22.639184981684984,12.245686813186811,16,472.39285714285717,2007-04-01,-211.195,0.12999999999999545,17-23,12-16
2007,5,223.20926927600493,-211.16,28.758387096774197,17.306935483870966,11,535.1612903225806,2007-05-01,-211.065,-0.09499999999999886,28-31,16-19
2007,6,5.125,-211.38,30.581920940170946,19.359177350427352,1,710.6,2007-06-01,-211.16,-0.21999999999999886,28-31,16-19
2007,7,0.0,-211.74,32.25141869918699,21.676221544715453,0,728.6,2007-07-01,-211.38,-0.36000000000001364,31-34,19-23
2007,8,0.0,-212.06,31.856931964056482,22.291245186136074,0,654.9473684210526,2007-08-01,-211.74,-0.3199999999999932,31-34,19-23
2007,9,16.368952552823522,-212.35,30.525780286786382,20.823038115339944,5,611.3571428571429,2007-09-01,-212.06,-0.28999999999999204,28-31,19-23
2007,10,54.423562711798006,-212.545,29.090206436626577,18.530439099321868,5,532.6451612903226,2007-10-01,-212.35,-0.19499999999999318,28-31,16-19
2007,11,938.8022067244949,-212.64,23.258330469316835,13.396150761828384,14,412.86206896551727,2007-11-01,-212.545,-0.09499999999999886,17-23,12-16
2007,12,958.747839725377,-212.59,17.70469696969697,9.251666666666667,21,345.3,2007-12-01,-212.64,0.04999999999998295,11-17,8-12
2008,1,1276.698655881854,-212.43,13.826427532603773,5.415655675876524,19,370.35483870967744,2008-01-01,-212.59,0.1599999999999966,11-17,3-8
2008,2,737.8257747429562,-212.16,16.92498896305838,7.437560901098759,18,407.2758620689655,2008-02-01,-212.43,0.27000000000001023,11-17,3-8
2008,3,132.6884490557072,-212.06,22.640346477029077,11.620442440542107,8,467.42857142857144,2008-03-01,-212.16,0.09999999999999432,17-23,8-12
2008,4,9.808090303693753,-212.17,27.43615702479339,14.825723140495866,7,565.0909090909091,2008-04-01,-212.06,-0.10999999999998522,23-28,12-16
2008,5,67.45025568355479,-212.48,26.69146868686869,14.835947474747472,7,714.72,2008-05-01,-212.17,-0.3100000000000023,23-28,12-16
2008,6,0.0,-212.39,30.948888888888884,17.72888888888889,0,804.0,2008-06-01,-212.48,0.09000000000000341,28-31,16-19
2015,1,1726.5539575031762,-212.6,15.85728328920673,7.478085153285632,17,327.82758620689657,2015-01-01,-212.39,-0.21000000000000796,11-17,3-8
2015,2,1581.6779980437598,-212.13,17.463351678467955,8.400620639767927,20,382.44444444444446,2015-02-01,-212.6,0.46999999999999886,11-17,3-8
2015,3,309.1946369559162,-211.89,21.806828005702727,11.504797790356678,17,552.5806451612904,2015-03-01,-212.13,0.2400000000000091,17-23,8-12
2015,4,697.2697703048098,-211.76,23.851823467230442,12.140457762662011,14,576.8,2015-04-01,-211.89,0.12999999999999545,23-28,8-12
2015,5,67.64169247644625,-211.855,29.138591273966743,16.966012084613475,8,650.9032258064516,2015-05-01,-211.76,-0.09499999999999886,28-31,16-19
2015,6,23.857407407407408,-212.095,29.431057082452433,19.09392353770261,4,683.8,2015-06-01,-211.855,-0.2400000000000091,28-31,16-19
2015,7,0.0,-212.35,32.62510570824524,21.364256973334246,0,736.5483870967741,2015-07-01,-212.095,-0.25499999999999545,31-34,19-23
2015,8,0.0,-212.64,34.76321114369502,23.73277940697295,0,689.516129032258,2015-08-01,-212.35,-0.28999999999999204,31-34,19-23
2015,9,64.84469696969697,-212.805,33.987141414141405,23.09103703703704,5,538.9,2015-09-01,-212.64,-0.16500000000002046,31-34,19-23
2015,10,575.0186755930686,-212.93,29.602061348670507,19.231593125554113,14,472.83870967741933,2015-10-01,-212.805,-0.125,28-31,16-19
2015,11,576.2940366090736,-213.02,24.10649711399711,14.642727272727274,15,369.7,2015-11-01,-212.93,-0.09000000000000341,23-28,12-16
2015,12,775.5499022295242,-213.01,18.528905105064144,8.553875855327467,16,407.2258064516129,2015-12-01,-213.02,0.010000000000019327,17-23,8-12
2016,1,1371.2298129200262,-212.82,15.729382913910294,7.593766699250571,22,271.741935483871,2016-01-01,-213.01,0.18999999999999773,11-17,3-8
2016,2,817.4355245650837,-212.585,20.809649947753396,10.030572971090214,12,455.0689655172414,2016-02-01,-212.82,0.23499999999998522,17-23,8-12
2016,3,341.63930279049634,-212.43,22.635262626262627,11.765225589225588,15,481.1,2016-03-01,-212.585,0.15500000000000114,17-23,8-12
2016,4,214.65762028772656,-212.365,28.19693434343434,14.63226936026936,7,607.4,2016-04-01,-212.43,0.06499999999999773,23-28,12-16
2016,5,115.39892613337513,-212.5,28.796399478657545,16.98279569892473,11,658.5483870967741,2016-05-01,-212.365,-0.1349999999999909,28-31,16-19
2016,6,0.25,-212.755,33.34205387205388,20.556666666666665,1,749.4,2016-06-01,-212.5,-0.25499999999999545,31-34,19-23
2016,7,0.0,-213.06,33.1113063581552,22.569492600422837,0,733.5,2016-07-01,-212.755,-0.3050000000000068,31-34,19-23
2016,8,0.0,-213.315,33.3262138047138,23.617925925925924,0,649.9,2016-08-01,-213.06,-0.25499999999999545,31-34,19-23
2016,9,18.88961038961039,-213.55,31.73942592592592,20.798666666666666,2,622.4,2016-09-01,-213.315,-0.23500000000001364,31-34,19-23
2016,10,65.69037546271815,-213.715,30.390962854349947,18.070322580645165,3,591.1935483870968,2016-10-01,-213.55,-0.16499999999999204,28-31,16-19
2016,11,151.8421506239314,-213.835,24.340141140083006,13.943023569023572,6,431.1,2016-11-01,-213.715,-0.12000000000000455,23-28,12-16
2016,12,2446.572868462945,-213.605,15.871437240623285,7.978679560462504,23,312.0,2016-12-01,-213.835,0.2300000000000182,11-17,3-8
2017,1,797.0638955792133,-213.385,16.049429539986875,7.318344025661586,19,385.0344827586207,2017-01-01,-213.605,0.21999999999999886,11-17,3-8
2017,2,437.43600682154334,-213.165,17.31795907580791,6.542288961038961,8,426.64285714285717,2017-02-01,-213.385,0.21999999999999886,11-17,3-8
2017,3,354.92017279103817,-213.0,20.747551092318528,10.212803030303032,16,457.3,2017-03-01,-213.165,0.16499999999999204,17-23,8-12
2017,4,142.220891165295,-212.96,25.759508456659614,13.093030303030304,7,548.9,2017-04-01,-213.0,0.03999999999999204,23-28,12-16
2017,5,43.464613754510594,-213.105,29.007048596564726,16.589222873900294,8,700.258064516129,2017-05-01,-212.96,-0.1449999999999818,28-31,16-19
2017,6,0.5,-213.335,31.237776603241723,19.53679175475687,1,755.9,2017-06-01,-213.105,-0.2300000000000182,31-34,19-23
2017,7,0.0,-213.6,34.46126880152094,23.165412781766868,0,714.1935483870968,2017-07-01,-213.335,-0.26499999999998636,31-34,19-23
2017,8,0.0,-213.875,33.489101263307354,22.624462937614062,0,694.0714285714286,2017-08-01,-213.6,-0.2750000000000057,31-34,19-23
2017,9,10.977777777777778,-214.11,32.177117017349566,21.213106762462974,3,619.1,2017-09-01,-213.875,-0.23500000000001364,31-34,19-23
2017,10,385.5447385484527,-214.26,28.31857629041406,17.20712678169543,11,552.6774193548387,2017-10-01,-214.11,-0.14999999999997726,23-28,16-19
2017,11,453.66362836343546,-214.34,23.587565522332962,13.518914728682171,16,419.6,2017-11-01,-214.26,-0.0800000000000125,23-28,12-16
2017,12,596.6800485646557,-214.375,20.85480834494338,11.089316972100168,12,301.83870967741933,2017-12-01,-214.34,-0.03499999999999659,17-23,8-12
2018,1,2570.6588714656505,-213.94,16.32449981543005,8.637906976744185,22,293.4,2018-01-01,-214.375,0.4350000000000023,11-17,8-12
2018,2,828.8439868276874,-213.57,20.14751469460772,10.271709685663174,12,363.34615384615387,2018-02-01,-213.94,0.37000000000000455,17-23,8-12
2018,3,107.68409431071065,-213.43,24.016128814433575,11.866008462045823,10,526.9354838709677,2018-03-01,-213.57,0.13999999999998636,23-28,8-12
2018,4,512.8703624135408,-213.355,25.669929863418236,13.655710594315243,11,570.7,2018-04-01,-213.43,0.07500000000001705,23-28,12-16
2018,5,303.99514739819585,-213.45,30.660144524371503,19.107399497958117,16,573.6774193548387,2018-05-01,-213.355,-0.09499999999999886,28-31,16-19
2018,6,141.2435259856631,-213.67,31.06030197444831,20.184920634920637,7,716.7,2018-06-01,-213.45,-0.21999999999999886,28-31,19-23
2018,7,0.0,-213.94,32.703542702380226,22.379172041569756,0,720.483870967742,2018-07-01,-213.67,-0.27000000000001023,31-34,19-23
2018,8,5.583333333333333,-214.215,32.58388059016087,22.88406544412838,2,640.1935483870968,2018-08-01,-213.94,-0.2750000000000057,31-34,19-23
2018,9,40.2384842577825,-214.415,32.35474845846637,21.327947913874745,4,631.8333333333334,2018-09-01,-214.215,-0.19999999999998863,31-34,19-23
2018,10,518.6792772559162,-214.61,29.02051534225019,18.882059495710163,14,460.64516129032256,2018-10-01,-214.415,-0.1950000000000216,28-31,16-19
2018,11,781.6993229141478,-214.65,23.51523983739838,14.05878629500581,20,378.1666666666667,2018-11-01,-214.61,-0.03999999999999204,23-28,12-16
2018,12,1710.9572555943173,-214.47,17.688001392239197,10.931658923732094,26,278.2,2018-12-01,-214.65,0.18000000000000682,11-17,8-12
2019,1,2013.7822322704887,-213.575,16.322147821363007,7.694502454010715,18,414.19354838709677,2019-01-01,-214.47,0.8950000000000102,11-17,3-8
2019,2,1545.8613890699787,-212.915,17.417627447320392,8.680066782810686,21,405.35714285714283,2019-02-01,-213.575,0.6599999999999966,11-17,8-12
2019,3,1258.201814947614,-212.07,18.396025938830814,9.474603174603176,22,359.5,2019-03-01,-212.915,0.8449999999999989,17-23,8-12
2019,4,408.65450090928516,-211.295,22.719738976330646,11.74145940966799,13,530.1724137931035,2019-04-01,-212.07,0.7750000000000057,17-23,8-12
2019,5,7.1147425894198495,-211.185,30.814838335019296,16.783331460042714,5,682.741935483871,2019-05-01,-211.295,0.10999999999998522,28-31,16-19
2019,6,0.9891304347826086,-211.26,31.752205962059623,20.769016647309332,2,691.8333333333334,2019-06-01,-211.185,-0.07499999999998863,31-34,19-23
2019,7,0.0,-211.41,32.977363249784574,21.883449477351913,0,746.9354838709677,2019-07-01,-211.26,-0.15000000000000568,31-34,19-23
2019,8,2.3333333333333335,-211.555,33.241879285152294,22.706865610130755,1,692.5806451612904,2019-08-01,-211.41,-0.14500000000001023,31-34,19-23
2019,9,15.682539682539682,-211.72,31.706364592094207,20.91274072157167,1,615.3448275862069,2019-09-01,-211.555,-0.16499999999999204,31-34,19-23
2019,10,363.95493864733965,-211.815,30.002779713511423,18.781698509485093,15,539.6666666666666,2019-10-01,-211.72,-0.09499999999999886,28-31,16-19
2019,11,161.03897079843844,-211.9,26.245271002710027,15.103275261324042,7,498.8333333333333,2019-11-01,-211.815,-0.08500000000000796,23-28,12-16
2019,12,2286.8470120038787,-211.55,18.632768099109562,9.797874564459931,20,354.5,2019-12-01,-211.9,0.3499999999999943,17-23,8-12
2020,1,2125.1866033983383,-210.3,15.144560588463026,8.015546091968856,24,287.5925925925926,2020-01-01,-211.55,1.25,11-17,3-8
2020,2,955.7958683957618,-209.71,17.09616804837999,8.806980656013454,25,341.7241379310345,2020-02-01,-210.3,0.5900000000000034,11-17,8-12
2020,3,923.858916569471,-209.175,20.707596012679122,10.987779261888642,20,412.9032258064516,2020-03-01,-209.71,0.5349999999999966,17-23,8-12
2020,4,406.2912665466946,-208.92,23.401595839305852,12.837913850383776,10,504.48275862068965,2020-04-01,-209.175,0.2550000000000239,17-23,12-16
2020,5,207.18193957378568,-208.98,29.896712109061742,17.16495589414595,7,650.0,2020-05-01,-208.92,-0.060000000000002274,28-31,16-19
2020,6,11.181818181818182,-209.13,30.16210439456555,18.727783314876337,1,727.8333333333334,2020-06-01,-208.98,-0.15000000000000568,28-31,16-19
2020,7,0.0,-209.37,32.78265637838031,22.198192623068657,0,696.7741935483871,2020-07-01,-209.13,-0.2400000000000091,31-34,19-23
2020,8,10.23444976076555,-209.525,33.41622185308232,22.843761535622,2,686.8333333333334,2020-08-01,-209.37,-0.15500000000000114,31-34,19-23
2020,9,8.964285714285714,-209.745,34.517364341085276,23.186821705426357,2,603.5,2020-09-01,-209.525,-0.21999999999999886,31-34,19-23
2020,10,0.09090909090909091,-209.955,32.60579148588224,19.716356601424675,1,575.0,2020-10-01,-209.745,-0.21000000000000796,31-34,19-23
2020,11,1529.6720240608872,-209.94,23.586916146105736,14.63689679081554,17,412.95454545454544,2020-11-01,-209.955,0.01500000000001478,23-28,12-16
2020,12,0.0,-209.92,20.115723826517748,11.225375779920592,0,418.3333333333333,2020-12-01,-209.94,0.020000000000010232,17-23,8-12
